UF,MEDIA_PISA_MAT_2022
7603.0,393.524777577402
7604.0,388.6495097235623
7605.0,383.33319373522676
7602.0,362.10333870971914
7601.0,357.46679996041803
